experience,job_title,job_type,location,date_posted
3-5 Years,Machine Learning Engineer,Full-time,Hyderabad,2 months ago
7-18 Years,Engineering Lead,Full-time,Mauritius,2 months ago
3-10 Years,Sr SDET,Full-time,New York,2 months ago
6-12 Years,OSS DevOps Engineer,Full-time,Hyderabad,2 months ago
1-3 Years,Site Reliability Engineer,Full-time,New York,2 months ago
5-11 Years,Lead DevOps Engineer,Full-time,Hyderabad,2 months ago
3-10 Years,Senior DevOps Engineer,Full-time,Hyderabad,2 months ago
1-2 Years,Junior Cloud Native Developer,Full-time,Delaware,2 months ago
1-4 Years,Blockchain Developer,Full-time,Hyderabad,a month ago
7-12 Years,Sr SAP PI/PO Developer,Contract,New Jersey,a month ago
3-8 Years,Sr Full Stack Developer,Full-time,Mauritius,a month ago
0-3 Years,Associate Cloud Engineer,Full-time,Hyderabad,a month ago
3-8 Years,Android Mobile Developer,Full-time,mauritius,a month ago
0-1 Years,SOA Consultant,Full-time,Hyderabad,a month ago
4-9 Years,Sr. Microservices Developer,Full-time,Hyderabad,a month ago
9-15 Years,Solution Architect,Full-time,Hyderabad,19 days ago
1-3 Years,Associate QA Engineer,Full-time,Hyderabad,19 days ago
0-1 Years,System Engineer,Internship,Mauritius,18 days ago
2-6 Years,Networking & Security Specialist,Full-time,Hyderabad,18 days ago
2-4 Years,Embedded Engineer,Full-time,Hyderabad,13 days ago
0-4 Years,Data Scientist Intern,Internship,Hyderabad,12 days ago
2-5 Years,Cloud Native Developer,Full-time,Hyderabad,10 days ago
5-10 Years,Senior Cloud Specialist,Full-time,Singapore,9 days ago
0-2 Years,Big Data Intern,Internship,Hyderabad,5 days ago
